Name,Age,Email,Phone Number,Address,Date of Birth,Salary,Joining Date,Department
Kelly Esparza,30,ellenbryant@example.net,626.851.9303x584,"83786 Charlene Glen Suite 267, West Christina, WY 51894",1959-05-31,104199,2023-03-24,HR
David Smith,52,debraprice@example.org,001-979-460-7548x337,"5121 Casey Valleys Suite 874, East Courtneychester, NE 77678",1976-03-25,50035,2024-09-12,Engineering
Andrea Williams,29,edward60@example.com,(416)952-0220,"62347 Case Fall, New Carlytown, TN 57804",1994-02-23,100766,2023-02-10,HR
Stephen Ward,42,yalvarado@example.net,+1-652-904-7503,"0898 Johnson Divide, East Lori, MP 98585",1974-03-22,103358,2021-06-26,Marketing
Angela Howard,64,bpowers@example.com,292-962-9402x75399,"252 Shannon Expressway, Cameronchester, OK 17872",1994-07-23,115097,2020-01-10,Product
Mary Cantu,54,tiffany23@example.com,001-305-936-4688,"85022 Dana Harbors, Ambertown, GU 77639",1983-02-07,102193,2021-03-14,Sales
William Cummings,51,joelcarter@example.net,6054814879,"796 Joshua Ferry, Port Monicaside, ME 14080",1981-07-16,100419,2023-10-30,HR
Patrick Rice,38,randall00@example.org,+1-738-595-3302x292,"9596 Pace Port, Jeremyfurt, MO 19101",1990-09-25,68722,2020-11-12,Sales
Julie Soto,57,jnelson@example.org,(214)792-4481x551,"336 Ingram Summit Apt. 838, Conwayport, NH 69686",1955-05-25,80896,2020-11-25,Product
Tanya Combs,53,pbraun@example.com,595-821-3280x31842,"USS Cunningham, FPO AA 29696",1966-05-28,78807,2024-05-31,Sales
Christopher Hoover,20,alishataylor@example.net,883.815.1492x328,"4399 Mcbride Divide Apt. 230, Baxterside, AZ 06340",2000-09-11,111027,2023-09-27,Marketing
Mr. Juan Mcdowell,29,cathycalderon@example.org,(307)806-6666x5340,"1546 Johnson Green Suite 249, Michellechester, MN 10636",1957-09-05,83230,2023-05-10,Engineering
Martha Adams,37,klee@example.org,2219880161,"696 Baker Keys Suite 465, Sandraside, LA 48874",2005-03-15,88063,2022-01-25,HR
Heather Smith MD,55,jacobfrank@example.com,+1-852-448-4334x38700,"Unit 1238 Box 0261, DPO AP 60704",1998-07-20,36175,2024-02-21,Product
Amy Casey,70,xrichardson@example.net,(448)575-5767x3922,"42840 Johnson Turnpike, Chelseaville, UT 75010",2001-10-04,62279,2020-10-20,HR
Daniel Hoover,34,rebecca89@example.com,611.887.7756x516,"97124 Howard Cliff, Lake Michaelfort, NJ 78869",1971-10-30,47625,2023-04-13,Marketing
Olivia Tanner,51,robertbanks@example.org,9893829559,"USNS Bass, FPO AP 60393",2000-09-26,109597,2020-12-15,Marketing
John Dorsey,44,ydiaz@example.com,466-711-9345,"66946 Mitchell Drives, North April, MA 08660",1999-09-19,70081,2023-05-06,HR
Samuel Parsons,41,sandersrobert@example.com,001-422-600-2262x5631,"76299 Christopher Lodge Apt. 173, East Patriciafort, NE 12750",1978-05-27,65850,2022-06-18,Sales
Tonya White,41,tracey08@example.org,(745)782-7195x1344,"2204 Eric Rapids Apt. 494, Travismouth, VT 47172",1979-04-21,114368,2023-06-10,Engineering
Jeffrey Lee,62,willismary@example.net,9022627601,"USS Dominguez, FPO AP 14925",1954-03-30,95002,2024-07-31,HR
John Parker,29,epatterson@example.net,+1-819-531-2121x41810,"352 Brown Courts Apt. 482, Wisefort, PW 52261",1979-10-21,63376,2024-08-12,Marketing
Teresa Moody,47,castillojeremy@example.net,685.993.5586x8634,"4750 Gregory Villages, Janiceberg, RI 53981",1959-04-01,76895,2022-09-06,Product
Mark Stanton,39,irichardson@example.org,777-499-7586x702,"74287 Gloria Forge Apt. 891, Lake Heatherside, WY 83077",1963-11-17,110158,2021-04-01,Marketing
Anna Watkins,47,nicolelopez@example.net,+1-246-650-2167x448,"255 Brandi Divide Suite 030, Port Maryberg, WV 42676",1987-03-24,94417,2021-09-11,HR
Ashley Miller,29,tyrone11@example.com,(289)994-0962x4581,"631 Hernandez Fort Suite 978, North Kathryn, ND 54349",1968-04-28,62869,2020-08-02,Product
Ray Simpson,61,stevensmichele@example.com,(256)560-8882x545,"5744 Daniel Fork Suite 011, North Andre, ND 14371",1987-05-30,66613,2021-11-04,Marketing
Kyle Young,32,grosseric@example.com,+1-579-741-8479x121,"0545 Pierce Terrace, Port Matthew, CO 57335",2000-07-14,37408,2021-07-01,Marketing
Rachel Gallegos,42,irogers@example.com,849.740.4342,"1195 Rachel Forest, North Allison, VT 71230",1976-04-14,30495,2020-04-19,Sales
Nancy Wallace,22,fernandezwendy@example.org,587.982.8456,"6247 Sherry Rest, Lake Rhondafurt, IA 44342",1974-12-31,68519,2024-04-30,Sales
Jeffery Gonzales,40,huntervictoria@example.net,+1-967-670-8942x7566,"97839 Harris Roads Apt. 330, New Patricialand, MA 72191",1956-02-17,93885,2024-01-07,Engineering
Robert Edwards,50,robertbrown@example.net,+1-287-924-4010x781,"USS Pacheco, FPO AP 69127",1961-09-22,119665,2022-12-18,Marketing
Noah Thomas,18,wallaceeric@example.com,+1-301-720-6967x37845,"892 Debra Dam, South Lindachester, DE 61190",1959-01-04,84966,2023-01-13,Sales
Matthew Bell,51,jhall@example.org,(676)971-2990,"2124 Wendy Common Suite 570, Port Calebshire, MD 22998",1957-05-26,108006,2023-09-25,Marketing
Erin Dougherty,31,kevin33@example.org,(254)725-7980x958,"7761 Mark Mall, Port David, MO 40075",1958-08-03,119774,2021-04-11,Product
Colton Cobb,51,amanda32@example.org,2163206103,"0047 Palmer Squares Suite 656, Kevinmouth, OH 08633",1987-11-11,111372,2023-02-06,Engineering
Joseph Flynn,48,asmith@example.net,933-814-5770x365,"054 William Underpass, Williamsville, CO 97884",1956-06-16,101005,2020-02-14,HR
Chris Williams,25,princewilliam@example.com,3626044323,"758 Velez Parks, Bryantfort, AR 83546",1977-03-03,113908,2022-06-20,Sales
Lisa Russell,63,kristaperez@example.com,828-623-0888x97587,"Unit 2369 Box 9183, DPO AE 08805",1957-08-25,48326,2020-04-20,HR
Michael Valentine,25,dylanjuarez@example.org,5055303525,"524 Mcbride Mews Suite 928, Kevinshire, MO 52390",1973-09-24,70480,2022-07-08,HR
Mr. Luis Edwards,51,sandrabeck@example.net,974.343.2455,"29143 Shannon Squares, Johnstonborough, AK 00919",1957-03-27,36615,2024-06-17,Product
Claudia Whitehead,65,greeranthony@example.net,5816056138,"1486 Curtis Groves Apt. 055, Port Josephport, KS 45138",2006-01-06,116859,2024-07-17,Engineering
Patricia Buckley,31,qhudson@example.com,+1-305-928-6043x774,"1214 Gomez Manor, Lake Davidfort, MO 77003",2005-08-03,117061,2020-05-04,Marketing
Kirsten Velazquez,68,ricevictoria@example.com,380.958.8983,"646 Stephen Viaduct, East Craig, MH 02038",2000-09-28,116231,2021-12-22,Product
Jonathan Ramirez,58,nguyenrobert@example.net,4307327481,"6880 Robert Drives, New Monica, OK 90960",1998-10-06,42575,2022-02-07,Engineering
Vanessa Hughes,63,martin01@example.com,260-750-2811x85113,"430 Hammond Common Apt. 962, Donnafort, MI 64301",1968-08-30,78009,2021-03-08,Product
Javier Williams,53,christinabailey@example.com,(958)465-6222x2990,"871 Davis Way, Samanthaborough, OR 23487",1996-09-22,109893,2023-10-12,Product
Julie Jones,22,hglenn@example.org,944-788-2659,"Unit 3947 Box 4846, DPO AA 05603",1995-08-04,35473,2022-09-22,Sales
Katherine Hodge,26,englishalex@example.com,937.781.8324x38183,"755 Silva Underpass Apt. 606, Mendezside, IL 13367",1983-12-02,76848,2021-06-22,Product
Denise Ball,65,blee@example.net,285.745.6905x711,"70700 Estrada Pass Suite 853, Kristenton, ME 30655",2002-03-25,63190,2024-08-29,Engineering
Joshua Hopkins,19,thowell@example.org,(664)281-6759x37288,"000 Timothy Roads Apt. 628, Michaelton, WI 90871",1963-09-30,56752,2021-07-18,Sales
Kyle Meyers,23,glennbrown@example.com,601.998.5018,"73749 Yang Square Apt. 798, Palmertown, MD 29824",1980-08-30,67390,2023-11-26,Engineering
Janet Garcia,39,michael00@example.net,001-208-624-5906,"167 Rachel Burgs Suite 523, Brianstad, SC 10549",1965-05-29,67142,2023-01-11,Sales
Melissa Ward,25,rodriguezkenneth@example.net,001-206-312-5532x1161,"54665 Mcmillan Extensions, Aliciaport, ME 24975",2005-04-23,44659,2022-12-01,Engineering
Steven Dunn,48,cummingsanthony@example.net,616-781-8253x8989,"25465 Rebecca Street, Maryside, CT 99621",1968-05-19,42770,2020-03-22,Marketing
Carl Zamora,37,jeffrey56@example.com,(649)674-8367x0879,"0451 Mitchell Loaf Apt. 266, Port Jennifer, VI 12799",1965-09-07,106886,2023-12-27,Marketing
Kim Ray,59,johnwalls@example.net,852-917-1034x36383,"8000 Mccormick Street Apt. 611, Deborahstad, PW 37923",1969-04-14,61450,2023-08-28,Marketing
Colton Camacho,64,smithjason@example.org,(364)778-4729x10677,"91173 Logan Mission Apt. 738, West Janiceport, AZ 99907",1965-12-17,57547,2024-07-26,Sales
Frank Cooke DDS,63,hpowers@example.net,392-228-3875x8679,"716 Bailey Cove Suite 076, North Erica, NH 25419",1995-09-03,61261,2022-07-14,Product
Drew Smith,31,fosterrobert@example.org,+1-634-518-4339x3702,"9877 Ford Orchard, Port Russellshire, SC 85270",1987-07-06,107734,2023-07-27,HR
Hannah Baker,34,susan31@example.com,542-543-4421x88351,"PSC 2080, Box 9171, APO AE 42299",1980-03-18,72335,2020-05-29,Product
Lynn Cruz,29,paul68@example.org,526-639-5519x89703,"PSC 1873, Box 8022, APO AE 37605",1989-02-27,105561,2020-04-30,Product
Anthony Miller,47,russellgreen@example.net,+1-525-557-5371,"34383 Mitchell Mount, North Tina, FM 19073",1965-02-26,63425,2024-06-30,Marketing
Brittany Dunn,67,joseph25@example.net,696.449.4448,"80684 Sanders Alley, South Candiceland, AL 07599",1966-11-17,91921,2024-09-18,Marketing
Justin Vance,54,owhite@example.com,001-566-539-1219x89967,"75781 Monroe Stravenue, Charlesshire, IL 11750",2004-02-02,52246,2020-02-27,Engineering
Kevin Newman,39,kellyjohnson@example.com,+1-423-250-6945x6056,"196 William Route, Port Tammy, WY 64866",1959-11-14,49927,2023-11-20,Engineering
Scott Henderson,68,pdelgado@example.net,530-476-1886,"9007 Joy Knolls Apt. 642, South Jamesstad, AZ 29275",1972-09-20,84243,2022-04-08,HR
Eric Ibarra,48,gwilcox@example.org,(641)260-4704,"3454 John Landing Apt. 128, Gallegosview, IL 92924",2004-08-16,95583,2020-06-15,HR
Brady Mcdaniel,20,kmartin@example.org,214.294.4419,"578 Blake Stream Suite 750, Josefort, MD 67997",1989-04-04,74083,2021-09-11,HR
Tara Vega,50,williamsjessica@example.com,492-356-6865,"90756 Jeffrey Glen, Joshuahaven, NH 91070",2001-04-20,31988,2024-08-26,HR
Robert Henderson,36,bradleyshepherd@example.org,(922)909-4070,"89152 Ryan Lakes Suite 339, West Margaret, KS 00938",2006-02-25,66409,2020-09-03,Sales
Mariah Flores,66,danielle12@example.org,001-246-383-3421x6119,"95152 Gilmore Canyon, Carlafurt, LA 02292",1998-08-19,98177,2022-06-28,HR
Sara Dunn,39,jonathanjackson@example.org,001-303-379-4954x522,"749 Ronald Mission Suite 136, East Lisaview, WA 10708",1987-05-09,68165,2021-03-01,Product
Steve Lara,62,kellerjanet@example.com,338-930-1511,"8608 Christopher Overpass, South Bruce, NM 36600",1998-07-27,80052,2020-09-20,Engineering
Angela Callahan,33,bethany27@example.com,958-811-1822x35040,"233 Morgan Key, West Matthewchester, LA 04735",1997-03-04,75395,2023-12-24,HR
Leslie Miller,54,danielvelazquez@example.net,888-927-5097x006,"22643 Phillip Ports Suite 560, Port Mathewchester, CO 95838",1960-12-27,44198,2022-08-25,Product
James Williams,62,odonnellallison@example.com,001-436-218-2877,"439 Houston Orchard Suite 693, Cassieborough, IN 10894",1994-05-28,81733,2022-12-19,Product
Sharon Morales,70,leonbrittany@example.com,(987)218-4448,"Unit 7599 Box 2071, DPO AP 78591",1970-09-20,36911,2021-07-23,Sales
Andre Galvan,22,charles50@example.org,001-339-623-7975x734,"398 Hobbs Mount Suite 842, South Zachary, NY 91386",1981-02-02,40149,2022-08-19,Engineering
Elizabeth Baldwin,70,michele90@example.net,(543)211-0154x2816,"3570 Adam Mountain Suite 560, Penahaven, WY 10557",1970-05-15,48577,2022-08-09,Marketing
Jacob Campbell,19,goodmanthomas@example.org,001-281-801-6570x3538,"01654 Alexander Cliff, Pennymouth, NE 03028",1977-11-15,83066,2020-04-11,HR
Jacqueline Golden,25,qabbott@example.org,687.584.8247x11728,"PSC 2444, Box 4065, APO AA 86783",1981-06-25,105826,2021-03-31,HR
Bridget Ortiz,64,johnnyboone@example.org,626-305-4683,"108 Joseph Gateway Suite 385, South Christinemouth, CA 34453",1985-08-01,118943,2023-08-17,Engineering
Stephanie Hurst,18,qperkins@example.com,869-896-2017x4762,"40282 Kimberly Plaza Suite 002, Lake Melissa, MT 14952",2005-06-02,69630,2021-06-12,Engineering
Shane Lloyd,27,sbass@example.net,369-931-9388,"17239 Amanda Greens, West Lisachester, MT 80583",1994-12-04,75575,2021-02-17,Product
Patrick Clark,34,robertbeasley@example.org,5614033933,"611 Norris Dale, Zacharyville, VA 62697",1954-09-12,111552,2022-08-11,Engineering
Earl Hodges,41,jacob69@example.net,399-809-2564x728,"70787 Steve Summit Apt. 484, Mauriceport, RI 31185",1963-01-05,55380,2022-05-02,Product
Erin Carroll,56,angela34@example.org,252-639-2020x0926,"338 Michele Springs Suite 331, New Derekmouth, ND 87018",2005-11-22,53423,2021-02-26,Product
Bryan Bradley,68,bdaniels@example.com,884-583-5607,"289 Brian Gardens Apt. 137, Robertoborough, IA 50677",1967-12-03,101657,2022-03-09,Engineering
Kathryn Griffin,64,jacksonmichael@example.org,8552475325,"2085 Swanson Ville, Port Michaelville, IN 62654",1965-08-13,85070,2022-07-24,Marketing
Jeffrey Shelton,41,zachary16@example.org,001-439-995-6777x9722,"8985 Mccoy Ford, North Lauren, FL 99940",2001-07-11,102932,2021-10-06,Sales
Kelly Cohen,18,jessicagonzalez@example.net,001-813-652-9359,"51231 Angela Lights Apt. 796, Harringtonshire, WI 84260",1974-08-01,41557,2024-01-29,Marketing
Sharon Olson,53,ortizjoshua@example.org,(250)761-2572,"1392 Robert Ways, Georgeport, WI 57009",1956-02-19,75267,2023-05-06,Sales
Paula Potter,40,williamkelly@example.com,531.815.7313x54044,"67455 John Pines, Lake Susan, VI 59077",1976-01-06,94660,2023-09-09,Marketing
Andrew Christensen,26,whitegregory@example.com,895-536-3475,"473 Larry Land Suite 781, Robinville, OR 54750",1971-02-25,117211,2021-03-29,Sales
Preston Cole,43,ryan93@example.net,422.285.2725,"Unit 9474 Box 7240, DPO AE 10587",1971-01-27,51854,2023-05-25,HR
Jackson Young,33,nsmith@example.com,+1-352-706-7985x83741,"736 Chad Gardens, East Maryhaven, AR 67410",1968-10-12,55438,2023-09-26,Sales
Jason Cole,22,graceli@example.org,294-962-7623x8497,"04178 Mccarty Branch Apt. 405, South Coreyton, AK 73842",1984-01-23,50409,2021-05-28,HR
Cindy Carter,54,nathan96@example.com,(827)522-2026x027,"4894 Thompson Oval, South Stephanie, GA 58120",1956-01-17,34273,2023-09-08,Engineering
Donna Gonzales,37,jacob92@example.net,+1-597-373-3510x12075,"39579 Jeffrey Avenue, West Davidmouth, HI 75290",1976-10-18,57393,2022-05-07,HR
Johnny Harris,35,lesliejones@example.org,001-422-478-0468x99969,"635 Norman Falls, Port Jacobstad, FL 64580",1976-09-22,94715,2021-07-27,Marketing
Cristina Blevins,23,wongjasmine@example.net,(393)892-6199x223,"89314 Jessica Wall, Seanside, RI 74686",1971-05-27,46144,2024-05-03,Product
Victoria Jackson,59,davidgarcia@example.com,(379)384-6271,"8100 Mayo Vista Suite 612, Amandaburgh, TN 99487",1972-09-13,61941,2022-05-03,Marketing
Danny Boyer,60,jasminebird@example.net,4484425622,"931 Williams Forest Suite 361, Kimberlyburgh, WI 33028",1971-05-18,45004,2020-04-24,HR
Janet Singh,23,hamiltondaniel@example.net,(886)296-3517x96176,"3348 Mcknight Burgs Apt. 869, Deborahbury, NY 46813",1983-10-28,38001,2020-02-15,Engineering
John Boyle,54,ypollard@example.org,208-453-2123,"1870 Calvin Ridge, West Sarahstad, NE 16355",1961-08-12,55083,2023-01-28,Sales
Brandon Gray,21,kristinhawkins@example.org,569.856.9764x4229,"036 Anderson Ports, North Davidland, TN 62745",1956-01-03,71021,2023-03-25,Sales
Mitchell Contreras,28,josedavis@example.com,(692)226-2948,"3778 Dawn Centers, Richardton, DE 85839",1979-05-14,110250,2022-01-31,HR
Jill Wilson,55,aharris@example.net,628-345-4113x328,"86363 Valdez Village Apt. 026, North Travisland, ND 29240",1985-10-18,94055,2023-03-01,Sales
Richard Mckinney,25,rlewis@example.org,(644)422-3968,"67301 Garza Port Suite 178, West Brittneyhaven, PR 42609",2003-03-08,82379,2020-02-09,HR
Susan Lane,62,zyork@example.org,278-329-0229,"8589 Deborah Bridge Apt. 738, East Emmastad, KY 44954",1962-07-15,82162,2021-11-14,Marketing
Andrew Turner,31,meyersrobert@example.net,205.711.9899x630,"24729 Roberta Ferry, East Lisa, DC 34455",1987-05-05,107603,2021-05-24,Product
Kimberly Harrison,27,youngvictor@example.org,563-889-0092x6273,"682 Dawn Causeway, Colleenfurt, UT 69743",1999-10-10,36669,2023-07-09,HR
Michelle Everett,56,peterlarsen@example.com,+1-369-562-0619x225,"1107 Austin Dale Apt. 197, Bradfordbury, WI 53425",1954-01-16,60160,2023-07-20,Engineering
Cynthia Sutton,44,crystalfranklin@example.com,375.992.5146x1774,"944 Cochran Estates, Arnoldfurt, PA 22917",1977-10-23,59494,2024-06-12,Product
Sharon Johnson,46,zduffy@example.net,001-528-792-2740x973,"209 Singleton Rue, North Marisa, AL 44866",1974-11-08,66082,2022-03-01,Sales
Dustin White,47,christopher26@example.com,001-527-200-9323x530,"08168 Contreras Mountains Apt. 770, West Meganhaven, MN 57836",1954-02-17,118481,2022-07-09,HR
Tracy Adams,59,gjenkins@example.org,329-999-0262,"725 Benjamin Viaduct Apt. 280, East Micheal, ID 24212",1968-08-31,79726,2023-07-11,Marketing
Kaylee Smith,45,amandabaldwin@example.net,906.734.6107x038,"785 Patrick Streets Apt. 440, West Johnfurt, HI 26878",1962-06-25,100798,2024-09-04,Engineering
Brian Martin,45,ashleypatel@example.com,(797)490-2501,"5356 Sean Cape, West Matthew, WY 77134",1955-10-29,42527,2023-05-03,Engineering
Elizabeth Cooper,41,melissastanley@example.net,9216061952,"718 Patton Glens, Port Paul, GU 81997",1961-10-30,65731,2022-10-27,Marketing
Alyssa Williams,54,adam67@example.com,001-637-567-9152x51724,"USCGC Garcia, FPO AE 87606",1994-04-25,101785,2023-06-13,Engineering
Kristin Johnson,46,derek86@example.net,656-578-7022,"493 Nathan Stream Suite 500, South Jeffrey, OR 42143",1969-08-08,89391,2021-12-26,Marketing
Gary Harris,51,foneill@example.com,691.964.2745x58158,"94296 Mark Forks, West Jessica, ND 40129",2005-01-06,32543,2024-03-29,Product
Sandra Jones,56,tyler34@example.com,(481)310-2160x9495,"73831 Anderson Bridge Apt. 282, Tinaside, NY 12491",1959-06-04,107252,2022-12-21,Engineering
Kenneth Bryant,35,danny38@example.org,467-543-5654x82096,"900 Andrew Ports, Nelsonshire, PW 01249",1974-03-29,105466,2022-08-22,Product
Dr. Melissa Wilson,46,shawn00@example.net,+1-219-597-2190x4023,"52191 Warner Creek, New Davidmouth, PR 52944",1991-11-26,71494,2023-09-11,HR
Maria Smith,53,owensdaniel@example.net,7426942170,"USNV Mayo, FPO AA 28900",1975-11-15,108237,2021-10-08,Sales
Timothy Smith,67,yallen@example.org,(279)648-7736x302,"0038 Meredith Ramp Apt. 560, New Debbieton, MA 73297",1957-10-17,117735,2024-09-13,Product
Nancy Wilson,32,cranenicholas@example.org,614.848.3834,"4756 Melanie Street Suite 947, Lake Erik, DE 28062",1968-12-08,65515,2024-08-02,Sales
Michael Lindsey,53,lmiller@example.com,780-395-3391,"234 Amanda Extension Apt. 462, Paulfurt, KS 56020",2003-01-11,71713,2021-10-06,HR
Eugene Rosario,45,hcooper@example.com,(854)574-7612x737,"USNV Chang, FPO AE 23051",1956-05-23,65266,2022-02-08,Sales
Casey Miller,66,thomaswilliams@example.com,534.821.5305x38322,"6519 Snyder Circles, Rodrigueztown, MT 34774",1986-09-02,97494,2020-12-30,Product
Angel Davis,37,eugeneparker@example.net,807.693.3778,"686 Timothy Inlet Apt. 899, Melissaton, MO 91436",2006-05-17,84285,2021-12-10,Sales
Jeffery Jones,58,kwebb@example.org,567-352-8133,"68527 Johnson Path, New Paul, NH 31812",1965-02-11,81646,2022-11-07,Sales
Julia Peterson,36,thomaswise@example.org,254.824.1306x6682,"PSC 4329, Box 4994, APO AE 14958",1963-01-22,33634,2022-06-05,Sales
Frances Kane,50,boyleamanda@example.org,651.529.2395,"4847 Joseph Vista, Brandonland, ME 16701",2004-01-04,73013,2023-07-07,Engineering
Eric Johnson,55,jennifervasquez@example.com,(790)521-5947,"Unit 9400 Box 9236, DPO AA 18784",1988-11-18,90782,2022-02-12,Product
Robert Bryant MD,24,juancrawford@example.com,(616)908-0000x62379,"8163 Dana Walks, New Andreport, MI 65337",1978-10-31,56966,2022-04-05,Product
Stephen Roman,60,john49@example.org,001-998-563-4589x16049,"04554 Beck Knolls Apt. 544, South April, FM 62770",1970-08-15,94971,2021-03-15,Engineering
Robert Hall,21,coffeychristina@example.net,(797)473-8434x13400,"42874 Cantu Wall Apt. 374, Garrettburgh, MO 19497",1966-11-22,39687,2024-03-26,Sales
Albert Dillon,65,kristenwells@example.net,4895569048,"8985 Black Union, Gilbertville, PW 85719",1984-03-01,81928,2024-04-15,Product
Michael Guerrero,20,mary46@example.com,(380)832-2583,"0639 Hansen Path Suite 561, New Jeffrey, ME 70663",1961-08-07,71387,2022-04-15,Engineering
Kevin Wood,65,hhenry@example.com,4558140976,"777 Cheyenne Villages Suite 524, Kurtfort, IN 03966",1968-02-17,103424,2022-06-22,Product
Rebecca Davis,60,ericguzman@example.net,547-652-0558x649,"PSC 9688, Box 8574, APO AP 88901",1990-01-08,95480,2021-03-18,Engineering
Nicole Harper,40,christopher22@example.org,(358)936-1469x627,"68986 Murphy Trace Suite 699, Jordanton, GU 17413",1998-06-06,112916,2020-05-26,HR
Amy Smith,42,douglas22@example.com,001-514-699-7983x7104,"9249 Briggs Harbors Suite 804, South Ericafurt, FM 26832",1984-08-04,62256,2023-11-07,Engineering
Cindy Hernandez,36,matthew20@example.org,316.904.0707,"7353 Kenneth Mill, Brianmouth, CA 93575",2000-09-05,77519,2023-03-13,Engineering
Briana Lindsey,41,griffithamy@example.net,001-352-767-3258,"94111 Martinez Passage Suite 019, Jamestown, MN 79098",1958-09-01,101043,2021-12-04,Sales
Sean Allen,54,lyonstroy@example.com,882-664-2785x34241,"5832 Dean Heights Suite 878, Port Aaron, NC 88745",1967-05-28,59256,2023-06-18,Sales
Phillip Wilson,41,nicolepearson@example.com,423.639.1880x7753,"45746 Smith Row, Cooperhaven, MO 66847",1969-07-15,35274,2023-08-03,Engineering
Mr. Andrew Hudson,52,ktaylor@example.net,001-856-230-8196x72378,"84505 Anderson Ports, Burkeborough, OR 64074",1962-02-06,74740,2022-12-11,Engineering
Kimberly Duncan,64,ewagner@example.com,547.933.4225x5635,"1571 Barron Hills Apt. 089, West Aprilfurt, RI 11088",1962-02-25,85658,2020-09-12,Marketing
Taylor Mooney,54,fconrad@example.com,222-741-2448x8652,"54031 James Meadow Apt. 495, North Jeffreyfurt, NJ 49536",1996-09-19,88066,2021-06-07,HR
Cynthia Baker,61,colin27@example.com,+1-743-551-0748x268,"77400 Anthony Square, South Aprilland, VA 21121",1994-05-20,119747,2024-09-02,Engineering
Candice Lee,53,badams@example.org,(884)759-4135x5232,"03897 Charlene Tunnel, South Deniseville, GA 65351",1961-11-07,117418,2022-06-07,HR
Nicole Woods,25,lharding@example.net,345.357.0252x513,"8749 Henry Prairie Suite 842, West Michaelbury, PW 93079",1965-04-06,77044,2023-03-23,Engineering
Lisa Chase DVM,34,curtis07@example.net,319-488-6279x142,"7056 Samantha Views Apt. 517, Castilloton, HI 96331",2001-04-26,48642,2021-11-02,Sales
Daniel Stanley,28,elainemcguire@example.com,718.536.5662x505,"USS Jackson, FPO AA 70622",1959-12-06,99169,2023-12-08,Marketing
Lauren Cannon,33,joneslisa@example.com,(879)635-3180x78613,"76616 Stephen Circles Apt. 459, Amandashire, HI 97043",2005-09-07,45606,2020-11-18,HR
Adrian Green,52,kristinramirez@example.net,637-950-7176x9599,"381 Chan Flat, South Karen, FL 47597",1979-07-08,30391,2022-10-27,Marketing
Ann Miller,70,kristy69@example.org,6752333243,"2299 Sheryl Stream, Nguyenville, CO 16164",1994-08-31,52390,2023-02-11,Sales
Christopher Sullivan,20,hallstephanie@example.com,315.615.7369x345,"96387 John Drive Suite 663, Port Bruce, MD 82806",1961-06-01,83889,2024-01-14,HR
Jessica Holland,36,james46@example.org,001-369-589-9857,"53272 John Roads, Whiteland, FM 48552",1987-05-09,58410,2020-07-31,Product
Julie Bautista,63,ethanchandler@example.org,485.847.5131,"6025 Wilson Branch, Chelseafort, MN 68957",1999-04-25,118608,2024-06-10,Sales
Gary Thomas,24,ytorres@example.org,(306)995-1543x3481,"70253 Anthony Valley, Williamsberg, DE 21103",1960-11-22,116087,2023-10-02,Product
Susan Pearson,55,rnguyen@example.com,923.573.6463x5971,"PSC 5917, Box 4153, APO AA 01164",2004-01-26,36294,2020-11-04,HR
Taylor Allen,68,christopherwilson@example.com,001-385-989-3717,"99022 Johnson Views, Port Angelaport, SC 04645",1994-07-19,109059,2023-04-17,Marketing
Daniel Knapp,37,jrichardson@example.net,(798)521-0868x67082,"977 Turner Street Suite 591, Robertsshire, VT 25324",1972-08-23,36539,2020-09-28,Product
Paige Foster,58,khudson@example.org,+1-671-646-9667x650,"69825 Elizabeth Lake Suite 885, Nicholashaven, LA 86703",1958-09-09,94769,2022-04-04,Marketing
Erik Hayes,22,jeremiah64@example.org,376-541-8949x8916,"53320 Bethany Fort Apt. 347, South Rachel, NE 53581",1958-11-07,118703,2024-03-16,HR
Cheryl Soto,41,sarahmyers@example.org,315-781-4823,"6546 Jenny Union Apt. 106, Johnville, DE 20630",1975-09-13,71307,2020-07-29,Marketing
Julie Clark,53,melanie82@example.com,(290)227-9582,"146 Russell Glens Suite 909, Lake Garyside, ND 60126",1966-10-18,43501,2021-04-18,Product
Kellie Crawford,62,annbrown@example.net,(972)371-4989x24599,"957 Denise Spring Suite 302, Angelaside, AR 81483",1956-03-27,71447,2020-04-29,Engineering
Aaron Brown,32,gonzalezjames@example.org,+1-728-544-6685,"469 Copeland Summit Suite 081, North Josephfurt, KS 57033",2002-01-07,43709,2022-07-11,Engineering
Hannah Hart,32,kruegerdavid@example.org,580.664.5789,"64057 Timothy Oval Suite 254, Shawside, VA 19883",1969-01-31,32366,2023-03-22,HR
Kenneth Mack,67,mcconnellmarie@example.org,296-500-0476x22646,"Unit 6965 Box 4997, DPO AE 63652",1980-03-23,95952,2022-07-28,Product
Elaine Fernandez,64,reevesbrandy@example.net,9777433448,"89762 Jeffery Knoll Suite 430, Tammiehaven, AS 98701",1983-05-21,60701,2022-05-31,Engineering
Rebecca Burton,25,johnsonjohn@example.net,(996)498-0627x2765,"5172 Burke Dale, North Carlfort, IA 37271",1988-02-10,103590,2021-09-25,Marketing
Cheryl Ryan,32,jonathan50@example.net,843-547-5803,"287 Heather Port, South Curtis, OH 67418",1957-06-03,41219,2024-04-21,Product
Juan Sheppard,53,cookeddie@example.net,826-212-2620x58944,"3426 Smith Centers Suite 927, Kylemouth, RI 04301",1982-10-07,40330,2023-10-31,Marketing
Jeffrey Abbott,36,kkaiser@example.com,+1-481-579-9705x931,"954 James Plaza, Lawrencemouth, DC 22401",1975-02-14,101093,2020-09-13,Sales
Matthew Travis,66,tmadden@example.net,+1-979-828-5137x50168,"0234 Hurst Walk, Patelton, NE 69798",1985-11-08,76037,2024-07-11,HR
Cheryl Stanley,50,justinbest@example.net,593-960-3767x98742,"USS Dalton, FPO AA 30647",1989-06-30,86401,2022-09-12,Marketing
Steven Patel,42,wardstephen@example.org,962-666-0993x5503,"717 Megan Route, New Janet, FL 18322",1998-07-07,58896,2022-08-13,Product
Victoria Pearson,38,psellers@example.net,876.547.9365x900,"8847 Scott Fort Apt. 545, Dominguezhaven, ID 94206",1980-03-16,109379,2020-07-14,HR
Thomas Sanders,27,iolson@example.org,430.250.5526,"2904 George Heights, Port Karen, FM 73067",1986-11-03,92595,2021-05-25,Engineering
Jamie Gray,22,castanedamatthew@example.com,+1-485-640-3165,"USNS Johnson, FPO AP 89492",1994-08-15,110613,2024-04-02,HR
Jeffery Sanchez,31,jessica71@example.org,001-254-542-8960x83172,"8505 Turner Pass, New Sarah, NY 65098",1964-09-01,84187,2024-02-20,Product
Rebecca Johnson,64,stevenmyers@example.com,001-834-709-8967x246,"0699 Garner Station, Maryview, NJ 62653",1975-08-05,64887,2022-09-08,HR
Karen Patterson,44,nathanmorgan@example.org,001-227-485-6222x7183,"591 Smith Creek, Christopherside, NY 77139",1984-09-25,108326,2022-08-11,HR
Andrea Kelley,28,anthony20@example.net,+1-967-889-7229x89936,"403 Gregory Extensions, Lisabury, VT 20344",2005-08-16,80757,2020-12-30,Sales
Bryan Hopkins,68,angeladavis@example.net,897.734.5926x53986,"053 Suzanne Flat Apt. 725, Port Madison, VI 03279",1973-12-18,100059,2021-09-13,HR
Natalie Clark,60,youngchristopher@example.org,(552)972-8426x59091,"6923 Kimberly Well Suite 542, Port Joseburgh, RI 05403",1963-09-23,39984,2020-10-27,Product
Suzanne Barnett,55,hutchinsonwilliam@example.com,4575578653,"1897 Jeremy Parkway Suite 518, Jillhaven, DC 55060",1967-03-18,32221,2021-01-28,Marketing
Rose Sweeney,58,debbieyoung@example.net,001-884-375-3611x7760,"5489 Figueroa Avenue Suite 303, Lake Matthewhaven, VI 32746",2002-02-01,116488,2024-05-27,Engineering
William Rosario,55,lhernandez@example.org,200.354.2157,"601 Miller Center Suite 064, Millermouth, NY 60265",1963-10-21,32030,2023-07-05,Sales
Christopher Robinson,60,erica30@example.com,+1-418-550-1395x3136,"9002 Edwards Forge Suite 438, New Jaredmouth, MS 33345",2004-12-22,85543,2022-10-16,Sales
Jason Cross,65,xfoley@example.net,+1-574-703-6265,"619 Rebecca Drive Apt. 969, Port Josephborough, IL 72333",1962-03-26,42117,2021-12-06,Product
Charles Knox,22,kristen64@example.com,001-949-352-5760,"5548 Andrews Key Apt. 300, Port Kristen, VT 25260",1975-10-03,61171,2024-01-27,HR
